{
	"info": {
		"_postman_id": "58edc47c-6baa-4329-a9b4-e56caeb058e4",
		"name": "Starbux Sample API",
		"schema": "https://schema.getpostman.com/json/collection/v2.1.0/collection.json"
	},
	"item": [
		{
			"name": "cart",
			"item": [
				{
					"name": "create cart",
					"request": {
						"auth": {
							"type": "basic",
							"basic": [
								{
									"key": "username",
									"value": "user",
									"type": "string"
								},
								{
									"key": "password",
									"value": "password",
									"type": "string"
								}
							]
						},
						"method": "POST",
						"header": [
							{
								"key": "Content-Type",
								"type": "text",
								"value": "application/json",
								"warning": "This is a duplicate header and will be overridden by the Content-Type header generated by Postman."
							}
						],
						"body": {
							"mode": "raw",
							"raw": "{\n\t\"customer\": \"Joe\",\n\t\"items\": [\n\t\t{\n\t\t\t\"items\": [\n\t\t\t\t{\n\t\t\t        \"id\": 3,\n\t\t\t        \"category\": \"DRINK\",\n\t\t\t        \"description\": \"Mocha\",\n\t\t\t        \"price\": 6.00\n\t\t\t    },\n\t\t\t    {\n\t\t\t        \"id\": 6,\n\t\t\t        \"category\": \"TOPPING_OR_SIDE\",\n\t\t\t        \"description\": \"Hazelnut syrup\",\n\t\t\t        \"price\": 3.00\n\t\t\t    }\n\t\t\t]\n\t\t},\n\t\t{\n\t\t\t\"items\":[\n\t\t\t\t{\n\t\t\t        \"id\": 4,\n\t\t\t        \"category\": \"DRINK\",\n\t\t\t        \"description\": \"Tea\",\n\t\t\t        \"price\": 3.00\n\t\t\t    }\n\t\t\t]\n\t\t},\n\t\t{\n\t\t\t\"items\":[\n\t\t\t\t{\n\t\t\t        \"id\": 4,\n\t\t\t        \"category\": \"DRINK\",\n\t\t\t        \"description\": \"Tea\",\n\t\t\t        \"price\": 3.00\n\t\t\t    },\n\t\t\t    {\n\t\t\t        \"id\": 8,\n\t\t\t        \"category\": \"TOPPING_OR_SIDE\",\n\t\t\t        \"description\": \"Lemon\",\n\t\t\t        \"price\": 2.00\n\t\t\t    }\n\t\t\t]\n\t\t}\n\t]\n}"
						},
						"url": {
							"raw": "{{host}}/checkout/carts",
							"host": [
								"{{host}}"
							],
							"path": [
								"checkout",
								"carts"
							]
						}
					},
					"response": []
				},
				{
					"name": "update cart",
					"request": {
						"auth": {
							"type": "basic",
							"basic": [
								{
									"key": "username",
									"value": "admin",
									"type": "string"
								},
								{
									"key": "password",
									"value": "password",
									"type": "string"
								}
							]
						},
						"method": "PUT",
						"header": [
							{
								"key": "Content-Type",
								"type": "text",
								"value": "application/json",
								"warning": "This is a duplicate header and will be overridden by the Content-Type header generated by Postman."
							}
						],
						"body": {
							"mode": "raw",
							"raw": "{\n\t\"customer\": \"John\",\n\t\"items\": [\n\t\t{\n\t\t\t\"items\": [\n\t\t\t\t{\n\t\t\t        \"id\": 1,\n\t\t\t        \"category\": \"DRINK\",\n\t\t\t        \"description\": \"Black Coffee\",\n\t\t\t        \"price\": 4.00\n\t\t\t    },\n\t\t\t    {\n\t\t\t        \"id\": 5,\n\t\t\t        \"category\": \"TOPPING_OR_SIDE\",\n\t\t\t        \"description\": \"Milk\",\n\t\t\t        \"price\": 2.00\n\t\t\t    },\n\t\t\t    {\n\t\t\t        \"id\": 7,\n\t\t\t        \"category\": \"TOPPING_OR_SIDE\",\n\t\t\t        \"description\": \"Chocolate sauce\",\n\t\t\t        \"price\": 5.00\n\t\t\t    }\n\t\t\t]\n\t\t}\n\t]\n}"
						},
						"url": {
							"raw": "{{host}}/checkout/carts/1",
							"host": [
								"{{host}}"
							],
							"path": [
								"checkout",
								"carts",
								"1"
							]
						}
					},
					"response": []
				}
			],
			"protocolProfileBehavior": {}
		},
		{
			"name": "items",
			"item": [
				{
					"name": "get items",
					"request": {
						"auth": {
							"type": "basic",
							"basic": [
								{
									"key": "username",
									"value": "user",
									"type": "string"
								},
								{
									"key": "password",
									"value": "password",
									"type": "string"
								}
							]
						},
						"method": "GET",
						"header": [
							{
								"key": "Content-Type",
								"value": "application/json",
								"type": "text"
							}
						],
						"url": {
							"raw": "{{host}}/items",
							"host": [
								"{{host}}"
							],
							"path": [
								"items"
							]
						}
					},
					"response": []
				},
				{
					"name": "get item by id",
					"request": {
						"auth": {
							"type": "basic",
							"basic": [
								{
									"key": "username",
									"value": "user",
									"type": "string"
								},
								{
									"key": "password",
									"value": "password",
									"type": "string"
								}
							]
						},
						"method": "GET",
						"header": [
							{
								"key": "Content-Type",
								"type": "text",
								"value": "application/json",
								"warning": "This is a duplicate header and will be overridden by the Content-Type header generated by Postman."
							}
						],
						"url": {
							"raw": "{{host}}/items/1",
							"host": [
								"{{host}}"
							],
							"path": [
								"items",
								"1"
							]
						}
					},
					"response": []
				},
				{
					"name": "create item",
					"request": {
						"auth": {
							"type": "basic",
							"basic": [
								{
									"key": "username",
									"value": "admin",
									"type": "string"
								},
								{
									"key": "password",
									"value": "password",
									"type": "string"
								}
							]
						},
						"method": "POST",
						"header": [
							{
								"key": "Content-Type",
								"type": "text",
								"value": "application/json",
								"warning": "This is a duplicate header and will be overridden by the Content-Type header generated by Postman."
							}
						],
						"body": {
							"mode": "raw",
							"raw": "{\n    \"category\": \"DRINK\",\n    \"description\": \"Cappuccino\",\n    \"price\": 6.00\n}"
						},
						"url": {
							"raw": "{{host}}/items",
							"host": [
								"{{host}}"
							],
							"path": [
								"items"
							]
						}
					},
					"response": []
				},
				{
					"name": "update item",
					"request": {
						"auth": {
							"type": "basic",
							"basic": [
								{
									"key": "username",
									"value": "admin",
									"type": "string"
								},
								{
									"key": "password",
									"value": "password",
									"type": "string"
								}
							]
						},
						"method": "PUT",
						"header": [
							{
								"key": "Content-Type",
								"type": "text",
								"value": "application/json",
								"warning": "This is a duplicate header and will be overridden by the Content-Type header generated by Postman."
							}
						],
						"body": {
							"mode": "raw",
							"raw": "{\n    \"category\": \"DRINK\",\n    \"description\": \"Cappuccino\",\n    \"price\": 7.00\n}"
						},
						"url": {
							"raw": "{{host}}/items/9",
							"host": [
								"{{host}}"
							],
							"path": [
								"items",
								"9"
							]
						}
					},
					"response": []
				},
				{
					"name": "delete item",
					"request": {
						"auth": {
							"type": "basic",
							"basic": [
								{
									"key": "username",
									"value": "admin",
									"type": "string"
								},
								{
									"key": "password",
									"value": "password",
									"type": "string"
								}
							]
						},
						"method": "DELETE",
						"header": [
							{
								"key": "Content-Type",
								"type": "text",
								"value": "application/json",
								"warning": "This is a duplicate header and will be overridden by the Content-Type header generated by Postman."
							}
						],
						"url": {
							"raw": "{{host}}/items/9",
							"host": [
								"{{host}}"
							],
							"path": [
								"items",
								"9"
							]
						}
					},
					"response": []
				}
			],
			"protocolProfileBehavior": {}
		},
		{
			"name": "reports",
			"item": [
				{
					"name": "report by customers",
					"request": {
						"auth": {
							"type": "basic",
							"basic": [
								{
									"key": "username",
									"value": "admin",
									"type": "string"
								},
								{
									"key": "password",
									"value": "password",
									"type": "string"
								}
							]
						},
						"method": "GET",
						"header": [
							{
								"key": "Content-Type",
								"type": "text",
								"value": "application/json",
								"warning": "This is a duplicate header and will be overridden by the Content-Type header generated by Postman."
							}
						],
						"url": {
							"raw": "{{host}}/reports/orders/customers",
							"host": [
								"{{host}}"
							],
							"path": [
								"reports",
								"orders",
								"customers"
							]
						}
					},
					"response": []
				},
				{
					"name": "report by most used toppings",
					"request": {
						"auth": {
							"type": "basic",
							"basic": [
								{
									"key": "username",
									"value": "admin",
									"type": "string"
								},
								{
									"key": "password",
									"value": "password",
									"type": "string"
								}
							]
						},
						"method": "GET",
						"header": [
							{
								"key": "Content-Type",
								"type": "text",
								"value": "application/json",
								"warning": "This is a duplicate header and will be overridden by the Content-Type header generated by Postman."
							}
						],
						"url": {
							"raw": "{{host}}/reports/orders/toppings",
							"host": [
								"{{host}}"
							],
							"path": [
								"reports",
								"orders",
								"toppings"
							]
						}
					},
					"response": []
				}
			],
			"protocolProfileBehavior": {}
		},
		{
			"name": "checkout",
			"request": {
				"auth": {
					"type": "basic",
					"basic": [
						{
							"key": "username",
							"value": "user",
							"type": "string"
						},
						{
							"key": "password",
							"value": "password",
							"type": "string"
						}
					]
				},
				"method": "POST",
				"header": [],
				"url": {
					"raw": "{{host}}/checkout/1",
					"host": [
						"{{host}}"
					],
					"path": [
						"checkout",
						"1"
					]
				}
			},
			"response": []
		}
	],
	"protocolProfileBehavior": {}
}